questid;objectiveid
1;1
1;2
1;3
1;4
1;5
1;6
1;7
1;8
1;9
1;10
1;11
1;12
1;13
1;14
1;15
1;16
1;17
1;18
1;19
1;20
1;21
1;22
1;23
1;24
1;25
1;26
1;27
1;28
1;29
1;30
1;31
1;32
1;33
1;34
1;35
1;36
1;37
1;38
1;39
1;40
1;41
1;42
1;43
1;44
1;45
1;46
1;47
1;48
1;49
1;50
1;51
1;52
1;53
1;54
1;55
1;56
1;57
1;58
1;59
1;60
1;61
1;62
1;63
1;64
1;65
1;66
1;67
1;68
1;69
1;70
1;71
1;72
1;73
1;74
1;75
1;76
1;77
1;78
1;79
1;80
1;81
1;82
1;83
1;84
1;85
1;86
1;87
1;88
1;89
1;90
1;91
1;92
1;93
1;94
1;95
1;96
1;97
1;98
1;99
1;100
1;101
1;102
1;103
1;104
1;105
1;106
1;107
1;108
1;109
1;110
1;111
1;112
1;113
1;114
1;115
1;116
1;117
1;118
1;119
1;120
1;121
1;122
1;123
1;124
1;125
1;126
1;127
1;128
1;129
1;130
1;131
1;132
1;133
1;134
1;135
2;136
2;137
2;138
2;139
2;140
2;141
2;142
2;143
2;144
2;145
2;146
2;147
2;148
2;149
2;150
2;151
2;152
2;153
2;154
2;155
2;156
2;157
2;158
2;159
2;160
2;161
2;162
2;163
2;164
2;165
2;166
2;167
2;168
2;169
2;170
2;171
2;172
2;173
2;174
2;175
2;176
2;177
2;178
2;179
2;180
2;181
2;182
2;183
2;184
2;185
2;186
2;187
2;188
2;189
2;190
2;191
2;192
2;193
2;194
2;195
2;196
2;197
2;198
2;199
2;200
2;201
2;202
2;203
2;204
2;205
2;206
2;207
2;208
2;209
2;210
2;211
2;212
2;213
2;214
2;215
2;216
2;217
2;218
2;219
2;220
2;221
2;222
2;223
2;224
2;225
2;226
2;227
2;228
2;229
2;230
2;231
2;232
2;233
2;234
2;235
3;236
3;237
3;238
3;239
3;240
3;241
3;242
3;243
3;244
3;245
3;246
3;247
3;248
3;249
3;250
3;251
3;252
3;253
3;254
3;255
3;256
3;257
3;258
3;259
3;260
3;261
3;262
3;263
3;264
3;265
3;266
3;267
3;268
3;269
3;270
3;271
3;272
3;273
3;274
3;275
3;276
3;277
3;278
3;279
3;280
3;281
3;282
3;283
3;284
3;285
3;286
3;287
3;288
3;289
3;290
3;291
3;292
3;293
3;294
3;295
3;296
3;297
3;298
3;299
3;300
3;301
3;302
3;303
3;304
3;305
3;306
3;307
3;308
3;309
3;310
3;311
3;312
3;313
3;314
3;315
3;316
3;317
3;318
3;319
3;320
3;321
3;322
3;323
3;324
3;325
3;326
3;327
3;328
3;329
3;330
3;331
3;332
3;333
3;334
3;335
4;336
4;337
4;338
4;339
4;340
4;341
4;342
4;343
4;344
4;345
4;346
4;347
4;348
4;349
4;350
4;351
4;352
4;353
4;354
4;355
4;356
4;357
4;358
4;359
4;360
4;361
4;362
4;363
4;364
4;365
4;366
4;367
4;368
4;369
4;370
4;371
4;372
4;373
4;374
4;375
4;376
4;377
4;378
4;379
4;380
4;381
4;382
4;383
4;384
4;385
4;386
4;387
4;388
4;389
4;390
4;391
4;392
4;393
4;394
4;395
4;396
4;397
4;398
4;399
4;400
4;401
4;402
4;403
4;404
4;405
4;406
4;407
4;408
4;409
4;410
4;411
4;412
4;413
4;414
4;415
4;416
4;417
4;418
4;419
4;420
4;421
4;422
4;423
4;424
4;425
4;426
4;427
4;428
4;429
4;430
4;431
4;432
4;433
4;434
4;435
5;436
5;437
5;438
5;439
5;440
5;441
5;442
5;443
5;444
5;445
5;446
5;447
5;448
5;449
5;450
5;451
5;452
5;453
5;454
5;455
5;456
5;457
5;458
5;459
5;460
5;461
5;462
5;463
5;464
5;465
5;466
5;467
5;468
5;469
5;470
5;471
5;472
5;473
5;474
5;475
5;476
5;477
5;478
5;479
5;480
5;481
5;482
5;483
5;484
5;485
5;486
5;487
5;488
5;489
5;490
5;491
5;492
5;493
5;494
5;495
5;496
5;497
5;498
5;499
5;500
5;501
5;502
5;503
5;504
5;505
5;506
5;507
5;508
5;509
5;510
5;511
5;512
5;513
5;514
5;515
5;516
5;517
5;518
5;519
5;520
5;521
5;522
5;523
5;524
5;525
5;526
5;527
5;528
5;529
5;530
5;531
5;532
5;533
5;534
5;535
6;536
6;537
6;538
6;539
6;540
6;541
6;542
6;543
6;544
6;545
6;546
6;547
6;548
6;549
6;550
6;551
6;552
6;553
6;554
6;555
6;556
6;557
6;558
6;559
6;560
6;561
6;562
6;563
6;564
6;565
6;566
6;567
6;568
6;569
6;570
6;571
6;572
6;573
6;574
6;575
6;576
6;577
6;578
6;579
6;580
6;581
6;582
6;583
6;584
6;585
6;586
6;587
6;588
6;589
6;590
6;591
6;592
6;593
6;594
6;595
6;596
6;597
6;598
6;599
6;600
6;601
6;602
6;603
6;604
6;605
6;606
6;607
6;608
6;609
6;610
6;611
6;612
6;613
6;614
6;615
6;616
6;617
6;618
6;619
6;620
6;621
6;622
6;623
6;624
6;625
6;626
6;627
6;628
6;629
6;630
6;631
6;632
6;633
6;634
6;635
7;636
7;637
7;638
7;639
7;640
7;641
7;642
7;643
7;644
7;645
7;646
7;647
7;648
7;649
7;650
7;651
7;652
7;653
7;654
7;655
7;656
7;657
7;658
7;659
7;660
7;661
7;662
7;663
7;664
7;665
7;666
7;667
7;668
7;669
7;670
7;671
7;672
7;673
7;674
7;675
7;676
7;677
7;678
7;679
7;680
7;681
7;682
7;683
7;684
7;685
7;686
7;687
7;688
7;689
7;690
7;691
7;692
7;693
7;694
7;695
7;696
7;697
7;698
7;699
7;700
7;701
7;702
7;703
7;704
7;705
7;706
7;707
7;708
7;709
7;710
7;711
7;712
7;713
7;714
7;715
7;716
7;717
7;718
7;719
7;720
7;721
7;722
7;723
7;724
7;725
7;726
7;727
7;728
7;729
7;730
7;731
7;732
7;733
7;734
7;735
8;736
8;737
8;738
8;739
8;740
8;741
8;742
8;743
8;744
8;745
8;746
8;747
8;748
8;749
8;750
8;751
8;752
8;753
8;754
8;755
8;756
8;757
8;758
8;759
8;760
8;761
8;762
8;763
8;764
8;765
8;766
8;767
8;768
8;769
8;770
8;771
8;772
8;773
8;774
8;775
8;776
8;777
8;778
8;779
8;780
8;781
8;782
8;783
8;784
8;785
8;786
8;787
8;788
8;789
8;790
8;791
8;792
8;793
8;794
8;795
8;796
8;797
8;798
8;799
8;800
8;801
8;802
8;803
8;804
8;805
8;806
8;807
8;808
8;809
8;810
8;811
8;812
8;813
8;814
8;815
8;816
8;817
8;818
8;819
8;820
8;821
8;822
8;823
8;824
8;825
8;826
8;827
8;828
8;829
8;830
8;831
8;832
8;833
8;834
8;835
9;836
9;837
9;838
9;839
9;840
9;841
9;842
9;843
9;844
9;845
9;846
9;847
9;848
9;849
9;850
9;851
9;852
9;853
9;854
9;855
9;856
9;857
9;858
9;859
9;860
9;861
9;862
9;863
9;864
9;865
9;866
9;867
9;868
9;869
9;870
9;871
9;872
9;873
9;874
9;875
9;876
9;877
9;878
9;879
9;880
9;881
9;882
9;883
9;884
9;885
9;886
9;887
9;888
9;889
9;890
9;891
9;892
9;893
9;894
9;895
9;896
9;897
9;898
9;899
9;900
9;901
9;902
9;903
9;904
9;905
9;906
9;907
9;908
9;909
9;910
9;911
9;912
9;913
9;914
9;915
9;916
9;917
9;918
9;919
9;920
9;921
9;922
9;923
9;924
9;925
9;926
9;927
9;928
9;929
9;930
9;931
9;932
9;933
9;934
9;935
10;936
10;937
10;938
10;939
10;940
10;941
10;942
10;943
10;944
10;945
10;946
10;947
10;948
10;949
10;950
10;951
10;952
10;953
10;954
10;955
10;956
10;957
10;958
10;959
10;960
10;961
10;962
10;963
10;964
10;965
10;966
10;967
10;968
10;969
10;970
10;971
10;972
10;973
10;974
10;975
10;976
10;977
10;978
10;979
10;980
10;981
10;982
10;983
10;984
10;985
10;986
10;987
10;988
10;989
10;990
10;991
10;992
10;993
10;994
10;995
10;996
10;997
10;998
10;999
10;1000
10;1001
10;1002
10;1003
10;1004
10;1005
10;1006
10;1007
10;1008
10;1009
10;1010
10;1011
10;1012
10;1013
10;1014
10;1015
10;1016
10;1017
10;1018
10;1019
10;1020
10;1021
10;1022
10;1023
10;1024
10;1025
10;1026
10;1027
10;1028
10;1029
10;1030
10;1031
10;1032
10;1033
10;1034
10;1035
11;1036
11;1037
11;1038
11;1039
11;1040
11;1041
11;1042
11;1043
11;1044
11;1045
11;1046
11;1047
11;1048
11;1049
11;1050
11;1051
11;1052
11;1053
11;1054
11;1055
11;1056
11;1057
11;1058
11;1059
11;1060
11;1061
11;1062
11;1063
11;1064
11;1065
11;1066
11;1067
11;1068
11;1069
11;1070
11;1071
11;1072
11;1073
11;1074
11;1075
11;1076
11;1077
11;1078
11;1079
11;1080
11;1081
11;1082
11;1083
11;1084
11;1085
11;1086
11;1087
11;1088
11;1089
11;1090
11;1091
11;1092
11;1093
11;1094
11;1095
11;1096
11;1097
11;1098
11;1099
11;1100
11;1101
11;1102
11;1103
11;1104
11;1105
11;1106
11;1107
11;1108
11;1109
11;1110
11;1111
11;1112
11;1113
11;1114
11;1115
11;1116
11;1117
11;1118
11;1119
11;1120
11;1121
11;1122
11;1123
11;1124
11;1125
11;1126
11;1127
11;1128
11;1129
11;1130
11;1131
11;1132
11;1133
11;1134
11;1135
12;1136
12;1137
12;1138
12;1139
12;1140
12;1141
12;1142
12;1143
12;1144
12;1145
12;1146
12;1147
12;1148
12;1149
12;1150
12;1151
12;1152
12;1153
12;1154
12;1155
12;1156
12;1157
12;1158
12;1159
12;1160
12;1161
12;1162
12;1163
12;1164
12;1165
12;1166
12;1167
12;1168
12;1169
12;1170
12;1171
12;1172
12;1173
12;1174
12;1175
12;1176
12;1177
12;1178
12;1179
12;1180
12;1181
12;1182
12;1183
12;1184
12;1185
12;1186
12;1187
12;1188
12;1189
12;1190
12;1191
12;1192
12;1193
12;1194
12;1195
12;1196
12;1197
12;1198
12;1199
12;1200
12;1201
12;1202
12;1203
12;1204
12;1205
12;1206
12;1207
12;1208
12;1209
12;1210
12;1211
12;1212
12;1213
12;1214
12;1215
12;1216
12;1217
12;1218
12;1219
12;1220
12;1221
12;1222
12;1223
12;1224
12;1225
12;1226
12;1227
12;1228
12;1229
12;1230
12;1231
12;1232
12;1233
12;1234
12;1235
13;1236
13;1237
13;1238
13;1239
13;1240
13;1241
13;1242
13;1243
13;1244
13;1245
13;1246
13;1247
13;1248
13;1249
13;1250
13;1251
13;1252
13;1253
13;1254
13;1255
13;1256
13;1257
13;1258
13;1259
13;1260
13;1261
13;1262
13;1263
13;1264
13;1265
13;1266
13;1267
13;1268
13;1269
13;1270
13;1271
13;1272
13;1273
13;1274
13;1275
13;1276
13;1277
13;1278
13;1279
13;1280
13;1281
13;1282
13;1283
13;1284
13;1285
13;1286
13;1287
13;1288
13;1289
13;1290
13;1291
13;1292
13;1293
13;1294
13;1295
13;1296
13;1297
13;1298
13;1299
13;1300
13;1301
13;1302
13;1303
13;1304
13;1305
13;1306
13;1307
13;1308
13;1309
13;1310
13;1311
13;1312
13;1313
13;1314
13;1315
13;1316
13;1317
13;1318
13;1319
13;1320
13;1321
13;1322
13;1323
13;1324
13;1325
13;1326
13;1327
13;1328
13;1329
13;1330
13;1331
13;1332
13;1333
13;1334
13;1335
14;1336
14;1337
14;1338
14;1339
14;1340
14;1341
14;1342
14;1343
14;1344
14;1345
14;1346
14;1347
14;1348
14;1349
14;1350
14;1351
14;1352
14;1353
14;1354
14;1355
14;1356
14;1357
14;1358
14;1359
14;1360
14;1361
14;1362
14;1363
14;1364
14;1365
14;1366
14;1367
14;1368
14;1369
14;1370
14;1371
14;1372
14;1373
14;1374
14;1375
14;1376
14;1377
14;1378
14;1379
14;1380
14;1381
14;1382
14;1383
14;1384
14;1385
14;1386
14;1387
14;1388
14;1389
14;1390
14;1391
14;1392
14;1393
14;1394
14;1395
14;1396
14;1397
14;1398
14;1399
14;1400
14;1401
14;1402
14;1403
14;1404
14;1405
14;1406
14;1407
14;1408
14;1409
14;1410
14;1411
14;1412
14;1413
14;1414
14;1415
14;1416
14;1417
14;1418
14;1419
14;1420
14;1421
14;1422
14;1423
14;1424
14;1425
14;1426
14;1427
14;1428
14;1429
14;1430
14;1431
14;1432
14;1433
14;1434
14;1435
15;1436
15;1437
15;1438
15;1439
15;1440
15;1441
15;1442
15;1443
15;1444
15;1445
15;1446
15;1447
15;1448
15;1449
15;1450
15;1451
15;1452
15;1453
15;1454
15;1455
15;1456
15;1457
15;1458
15;1459
15;1460
15;1461
15;1462
15;1463
15;1464
15;1465
15;1466
15;1467
15;1468
15;1469
15;1470
15;1471
15;1472
15;1473
15;1474
15;1475
15;1476
15;1477
15;1478
15;1479
15;1480
15;1481
15;1482
15;1483
15;1484
15;1485
15;1486
15;1487
15;1488
15;1489
15;1490
15;1491
15;1492
15;1493
15;1494
15;1495
15;1496
15;1497
15;1498
15;1499
15;1500
15;1501
15;1502
15;1503
15;1504
15;1505
15;1506
15;1507
15;1508
15;1509
15;1510
15;1511
15;1512
15;1513
15;1514
15;1515
15;1516
15;1517
15;1518
15;1519
15;1520
15;1521
15;1522
15;1523
15;1524
15;1525
15;1526
15;1527
15;1528
15;1529
15;1530
15;1531
15;1532
15;1533
15;1534
15;1535
16;1536
16;1537
16;1538
16;1539
16;1540
16;1541
16;1542
16;1543
16;1544
16;1545
16;1546
16;1547
16;1548
16;1549
16;1550
16;1551
16;1552
16;1553
16;1554
16;1555
16;1556
16;1557
16;1558
16;1559
16;1560
16;1561
16;1562
16;1563
16;1564
16;1565
16;1566
16;1567
16;1568
16;1569
16;1570
16;1571
16;1572
16;1573
16;1574
16;1575
16;1576
16;1577
16;1578
16;1579
16;1580
16;1581
16;1582
16;1583
16;1584
16;1585
16;1586
16;1587
16;1588
16;1589
16;1590
16;1591
16;1592
16;1593
16;1594
16;1595
16;1596
16;1597
16;1598
16;1599
16;1600
16;1601
16;1602
16;1603
16;1604
16;1605
16;1606
16;1607
16;1608
16;1609
16;1610
16;1611
16;1612
16;1613
16;1614
16;1615
16;1616
16;1617
16;1618
16;1619
16;1620
16;1621
16;1622
16;1623
16;1624
16;1625
16;1626
16;1627
16;1628
16;1629
16;1630
16;1631
16;1632
16;1633
16;1634
16;1635
17;1636
17;1637
17;1638
17;1639
17;1640
17;1641
17;1642
17;1643
17;1644
17;1645
17;1646
17;1647
17;1648
17;1649
17;1650
17;1651
17;1652
17;1653
17;1654
17;1655
17;1656
17;1657
17;1658
17;1659
17;1660
17;1661
17;1662
17;1663
17;1664
17;1665
17;1666
17;1667
17;1668
17;1669
17;1670
17;1671
17;1672
17;1673
17;1674
17;1675
17;1676
17;1677
17;1678
17;1679
17;1680
17;1681
17;1682
17;1683
17;1684
17;1685
17;1686
17;1687
17;1688
17;1689
17;1690
17;1691
17;1692
17;1693
17;1694
17;1695
17;1696
17;1697
17;1698
17;1699
17;1700
17;1701
17;1702
17;1703
17;1704
17;1705
17;1706
17;1707
17;1708
17;1709
17;1710
17;1711
17;1712
17;1713
17;1714
17;1715
17;1716
17;1717
17;1718
17;1719
17;1720
17;1721
17;1722
17;1723
17;1724
17;1725
17;1726
17;1727
17;1728
17;1729
17;1730
17;1731
17;1732
17;1733
17;1734
17;1735
18;1736
18;1737
18;1738
18;1739
18;1740
18;1741
18;1742
18;1743
18;1744
18;1745
18;1746
18;1747
18;1748
18;1749
18;1750
18;1751
18;1752
18;1753
18;1754
18;1755
18;1756
18;1757
18;1758
18;1759
18;1760
18;1761
18;1762
18;1763
18;1764
18;1765
18;1766
18;1767
18;1768
18;1769
18;1770
18;1771
18;1772
18;1773
18;1774
18;1775
18;1776
18;1777
18;1778
18;1779
18;1780
18;1781
18;1782
18;1783
18;1784
18;1785
18;1786
18;1787
18;1788
18;1789
18;1790
18;1791
18;1792
18;1793
18;1794
18;1795
18;1796
18;1797
18;1798
18;1799
18;1800
18;1801
18;1802
18;1803
18;1804
18;1805
18;1806
18;1807
18;1808
18;1809
18;1810
18;1811
18;1812
18;1813
18;1814
18;1815
18;1816
18;1817
18;1818
18;1819
18;1820
18;1821
18;1822
18;1823
18;1824
18;1825
18;1826
18;1827
18;1828
18;1829
18;1830
18;1831
18;1832
18;1833
18;1834
18;1835
19;1536
19;1537
19;1538
19;1539
19;1540
19;1541
19;1542
19;1543
19;1544
19;1545
19;1546
19;1547
19;1548
19;1549
19;1550
19;1551
19;1552
19;1553
19;1554
19;1555
19;1556
19;1557
19;1558
19;1559
19;1560
19;1561
19;1562
19;1563
19;1564
19;1565
19;1566
19;1567
19;1568
19;1569
19;1570
19;1571
19;1572
19;1573
19;1574
19;1575
19;1576
19;1577
19;1578
19;1579
19;1580
19;1581
19;1582
19;1583
19;1584
19;1585
19;1586
19;1587
19;1588
19;1589
19;1590
19;1591
19;1592
19;1593
19;1594
19;1595
19;1596
19;1597
19;1598
19;1599
19;1600
19;1601
19;1602
19;1603
19;1604
19;1605
19;1606
19;1607
19;1608
19;1609
19;1610
19;1611
19;1612
19;1613
19;1614
19;1615
19;1616
19;1617
19;1618
19;1619
19;1620
19;1621
19;1622
19;1623
19;1624
19;1625
19;1626
19;1627
19;1628
19;1629
19;1630
19;1631
19;1632
19;1633
19;1634
19;1635
19;1636
19;1637
19;1638
19;1639
19;1640
19;1641
19;1642
19;1643
19;1644
19;1645
19;1646
19;1647
19;1648
19;1649
19;1650
19;1651
19;1652
19;1653
19;1654
19;1655
19;1656
19;1657
19;1658
19;1659
19;1660
19;1661
19;1662
19;1663
19;1664
19;1665
19;1666
19;1667
19;1668
19;1669
19;1670
19;1671
19;1672
19;1673
19;1674
19;1675
19;1676
19;1677
19;1678
19;1679
19;1680
19;1681
19;1682
19;1683
19;1684
19;1685
19;1686
19;1687
19;1688
19;1689
19;1690
19;1691
19;1692
19;1693
19;1694
19;1695
19;1696
19;1697
19;1698
19;1699
19;1700
19;1701
19;1702
19;1703
19;1704
19;1705
19;1706
19;1707
19;1708
19;1709
19;1710
19;1711
19;1712
19;1713
19;1714
19;1715
19;1716
19;1717
19;1718
19;1719
19;1720
19;1721
19;1722
19;1723
19;1724
19;1725
19;1726
19;1727
19;1728
19;1729
19;1730
19;1731
19;1732
19;1733
19;1734
19;1735
19;1736
19;1737
19;1738
19;1739
19;1740
19;1741
19;1742
19;1743
19;1744
19;1745
19;1746
19;1747
19;1748
19;1749
19;1750
19;1751
19;1752
19;1753
19;1754
19;1755
19;1756
19;1757
19;1758
19;1759
19;1760
19;1761
19;1762
19;1763
19;1764
19;1765
19;1766
19;1767
19;1768
19;1769
19;1770
19;1771
19;1772
19;1773
19;1774
19;1775
19;1776
19;1777
19;1778
19;1779
19;1780
19;1781
19;1782
19;1783
19;1784
19;1785
19;1786
19;1787
19;1788
19;1789
19;1790
19;1791
19;1792
19;1793
19;1794
19;1795
19;1796
19;1797
19;1798
19;1799
19;1800
19;1801
19;1802
19;1803
19;1804
19;1805
19;1806
19;1807
19;1808
19;1809
19;1810
19;1811
19;1812
19;1813
19;1814
19;1815
19;1816
19;1817
19;1818
19;1819
19;1820
19;1821
19;1822
19;1823
19;1824
19;1825
19;1826
19;1827
19;1828
19;1829
19;1830
19;1831
19;1832
19;1833
19;1834
19;1835
20;1836
20;1837
20;1838
20;1839
20;1840
20;1841
20;1842
20;1843
20;1844
20;1845
20;1846
20;1847
20;1848
20;1849
20;1850
20;1851
20;1852
20;1853
20;1854
20;1855
20;1856
20;1857
20;1858
20;1859
20;1860
20;1861
20;1862
20;1863
20;1864
20;1865
20;1866
20;1867
20;1868
20;1869
20;1870
20;1871
20;1872
20;1873
20;1874
20;1875
20;1876
20;1877
20;1878
20;1879
20;1880
20;1881
20;1882
20;1883
20;1884
20;1885
20;1886
20;1887
20;1888
20;1889
20;1890
20;1891
20;1892
20;1893
20;1894
20;1895
20;1896
20;1897
20;1898
20;1899
20;1900
20;1901
20;1902
20;1903
20;1904
20;1905
20;1906
20;1907
20;1908
20;1909
20;1910
20;1911
20;1912
20;1913
20;1914
20;1915
20;1916
20;1917
20;1918
20;1919
20;1920
20;1921
20;1922
20;1923
20;1924
20;1925
20;1926
20;1927
20;1928
20;1929
20;1930
20;1931
20;1932
20;1933
20;1934
20;1935
21;1936
21;1937
21;1938
21;1939
21;1940
21;1941
21;1942
21;1943
21;1944
21;1945
21;1946
21;1947
21;1948
21;1949
21;1950
21;1951
21;1952
21;1953
21;1954
21;1955
21;1956
21;1957
21;1958
21;1959
21;1960
21;1961
21;1962
21;1963
21;1964
21;1965
21;1966
21;1967
21;1968
21;1969
21;1970
21;1971
21;1972
21;1973
21;1974
21;1975
21;1976
21;1977
21;1978
21;1979
21;1980
21;1981
21;1982
21;1983
21;1984
21;1985
21;1986
21;1987
21;1988
21;1989
21;1990
21;1991
21;1992
21;1993
21;1994
21;1995
21;1996
21;1997
21;1998
21;1999
21;2000
21;2001
21;2002
21;2003
21;2004
21;2005
21;2006
21;2007
21;2008
21;2009
21;2010
21;2011
21;2012
21;2013
21;2014
21;2015
21;2016
21;2017
21;2018
21;2019
21;2020
21;2021
21;2022
21;2023
21;2024
21;2025
21;2026
21;2027
21;2028
21;2029
21;2030
21;2031
21;2032
21;2033
21;2034
21;2035
22;2036
22;2037
22;2038
22;2039
22;2040
22;2041
22;2042
22;2043
22;2044
22;2045
22;2046
22;2047
22;2048
22;2049
22;2050
22;2051
22;2052
22;2053
22;2054
22;2055
22;2056
22;2057
22;2058
22;2059
22;2060
22;2061
22;2062
22;2063
22;2064
22;2065
22;2066
22;2067
22;2068
22;2069
22;2070
22;2071
22;2072
22;2073
22;2074
22;2075
22;2076
22;2077
22;2078
22;2079
22;2080
22;2081
22;2082
22;2083
22;2084
22;2085
22;2086
22;2087
22;2088
22;2089
22;2090
22;2091
22;2092
22;2093
22;2094
22;2095
22;2096
22;2097
22;2098
22;2099
22;2100
22;2101
22;2102
22;2103
22;2104
22;2105
22;2106
22;2107
22;2108
22;2109
22;2110
22;2111
22;2112
22;2113
22;2114
22;2115
22;2116
22;2117
22;2118
22;2119
22;2120
22;2121
22;2122
22;2123
22;2124
22;2125
22;2126
22;2127
22;2128
22;2129
22;2130
22;2131
22;2132
22;2133
22;2134
22;2135
23;1836
23;1837
23;1838
23;1839
23;1840
23;1841
23;1842
23;1843
23;1844
23;1845
23;1846
23;1847
23;1848
23;1849
23;1850
23;1851
23;1852
23;1853
23;1854
23;1855
23;1856
23;1857
23;1858
23;1859
23;1860
23;1861
23;1862
23;1863
23;1864
23;1865
23;1866
23;1867
23;1868
23;1869
23;1870
23;1871
23;1872
23;1873
23;1874
23;1875
23;1876
23;1877
23;1878
23;1879
23;1880
23;1881
23;1882
23;1883
23;1884
23;1885
23;1886
23;1887
23;1888
23;1889
23;1890
23;1891
23;1892
23;1893
23;1894
23;1895
23;1896
23;1897
23;1898
23;1899
23;1900
23;1901
23;1902
23;1903
23;1904
23;1905
23;1906
23;1907
23;1908
23;1909
23;1910
23;1911
23;1912
23;1913
23;1914
23;1915
23;1916
23;1917
23;1918
23;1919
23;1920
23;1921
23;1922
23;1923
23;1924
23;1925
23;1926
23;1927
23;1928
23;1929
23;1930
23;1931
23;1932
23;1933
23;1934
23;1935
23;1936
23;1937
23;1938
23;1939
23;1940
23;1941
23;1942
23;1943
23;1944
23;1945
23;1946
23;1947
23;1948
23;1949
23;1950
23;1951
23;1952
23;1953
23;1954
23;1955
23;1956
23;1957
23;1958
23;1959
23;1960
23;1961
23;1962
23;1963
23;1964
23;1965
23;1966
23;1967
23;1968
23;1969
23;1970
23;1971
23;1972
23;1973
23;1974
23;1975
23;1976
23;1977
23;1978
23;1979
23;1980
23;1981
23;1982
23;1983
23;1984
23;1985
23;1986
23;1987
23;1988
23;1989
23;1990
23;1991
23;1992
23;1993
23;1994
23;1995
23;1996
23;1997
23;1998
23;1999
23;2000
23;2001
23;2002
23;2003
23;2004
23;2005
23;2006
23;2007
23;2008
23;2009
23;2010
23;2011
23;2012
23;2013
23;2014
23;2015
23;2016
23;2017
23;2018
23;2019
23;2020
23;2021
23;2022
23;2023
23;2024
23;2025
23;2026
23;2027
23;2028
23;2029
23;2030
23;2031
23;2032
23;2033
23;2034
23;2035
23;2036
23;2037
23;2038
23;2039
23;2040
23;2041
23;2042
23;2043
23;2044
23;2045
23;2046
23;2047
23;2048
23;2049
23;2050
23;2051
23;2052
23;2053
23;2054
23;2055
23;2056
23;2057
23;2058
23;2059
23;2060
23;2061
23;2062
23;2063
23;2064
23;2065
23;2066
23;2067
23;2068
23;2069
23;2070
23;2071
23;2072
23;2073
23;2074
23;2075
23;2076
23;2077
23;2078
23;2079
23;2080
23;2081
23;2082
23;2083
23;2084
23;2085
23;2086
23;2087
23;2088
23;2089
23;2090
23;2091
23;2092
23;2093
23;2094
23;2095
23;2096
23;2097
23;2098
23;2099
23;2100
23;2101
23;2102
23;2103
23;2104
23;2105
23;2106
23;2107
23;2108
23;2109
23;2110
23;2111
23;2112
23;2113
23;2114
23;2115
23;2116
23;2117
23;2118
23;2119
23;2120
23;2121
23;2122
23;2123
23;2124
23;2125
23;2126
23;2127
23;2128
23;2129
23;2130
23;2131
23;2132
23;2133
23;2134
23;2135
24;2136
24;2137
24;2138
24;2139
24;2140
24;2141
24;2142
24;2143
24;2144
24;2145
24;2146
24;2147
24;2148
24;2149
24;2150
24;2151
24;2152
24;2153
24;2154
24;2155
24;2156
24;2157
24;2158
24;2159
24;2160
24;2161
24;2162
24;2163
24;2164
24;2165
24;2166
24;2167
24;2168
24;2169
24;2170
24;2171
24;2172
24;2173
24;2174
24;2175
24;2176
24;2177
24;2178
24;2179
24;2180
24;2181
24;2182
24;2183
24;2184
24;2185
24;2186
24;2187
24;2188
24;2189
24;2190
24;2191
24;2192
24;2193
24;2194
24;2195
24;2196
24;2197
24;2198
24;2199
24;2200
24;2201
24;2202
24;2203
24;2204
24;2205
24;2206
24;2207
24;2208
24;2209
24;2210
24;2211
24;2212
24;2213
24;2214
24;2215
24;2216
24;2217
24;2218
24;2219
24;2220
24;2221
24;2222
24;2223
24;2224
24;2225
24;2226
24;2227
24;2228
24;2229
24;2230
24;2231
24;2232
24;2233
24;2234
24;2235
25;2236
25;2237
25;2238
25;2239
25;2240
25;2241
25;2242
25;2243
25;2244
25;2245
25;2246
25;2247
25;2248
25;2249
25;2250
25;2251
25;2252
25;2253
25;2254
25;2255
25;2256
25;2257
25;2258
25;2259
25;2260
25;2261
25;2262
25;2263
25;2264
25;2265
25;2266
25;2267
25;2268
25;2269
25;2270
25;2271
25;2272
25;2273
25;2274
25;2275
25;2276
25;2277
25;2278
25;2279
25;2280
25;2281
25;2282
25;2283
25;2284
25;2285
25;2286
25;2287
25;2288
25;2289
25;2290
25;2291
25;2292
25;2293
25;2294
25;2295
25;2296
25;2297
25;2298
25;2299
25;2300
25;2301
25;2302
25;2303
25;2304
25;2305
25;2306
25;2307
25;2308
25;2309
25;2310
25;2311
25;2312
25;2313
25;2314
25;2315
25;2316
25;2317
25;2318
25;2319
25;2320
25;2321
25;2322
25;2323
25;2324
25;2325
25;2326
25;2327
25;2328
25;2329
25;2330
25;2331
25;2332
25;2333
25;2334
25;2335
26;2336
26;2337
26;2338
26;2339
26;2340
26;2341
26;2342
26;2343
26;2344
26;2345
26;2346
26;2347
26;2348
26;2349
26;2350
26;2351
26;2352
26;2353
26;2354
26;2355
26;2356
26;2357
26;2358
26;2359
26;2360
26;2361
26;2362
26;2363
26;2364
26;2365
26;2366
26;2367
26;2368
26;2369
26;2370
26;2371
26;2372
26;2373
26;2374
26;2375
26;2376
26;2377
26;2378
26;2379
26;2380
26;2381
26;2382
26;2383
26;2384
26;2385
26;2386
26;2387
26;2388
26;2389
26;2390
26;2391
26;2392
26;2393
26;2394
26;2395
26;2396
26;2397
26;2398
26;2399
26;2400
26;2401
26;2402
26;2403
26;2404
26;2405
26;2406
26;2407
26;2408
26;2409
26;2410
26;2411
26;2412
26;2413
26;2414
26;2415
26;2416
26;2417
26;2418
26;2419
26;2420
26;2421
26;2422
26;2423
26;2424
26;2425
26;2426
26;2427
26;2428
26;2429
26;2430
26;2431
26;2432
26;2433
26;2434
26;2435
27;2136
27;2137
27;2138
27;2139
27;2140
27;2141
27;2142
27;2143
27;2144
27;2145
27;2146
27;2147
27;2148
27;2149
27;2150
27;2151
27;2152
27;2153
27;2154
27;2155
27;2156
27;2157
27;2158
27;2159
27;2160
27;2161
27;2162
27;2163
27;2164
27;2165
27;2166
27;2167
27;2168
27;2169
27;2170
27;2171
27;2172
27;2173
27;2174
27;2175
27;2176
27;2177
27;2178
27;2179
27;2180
27;2181
27;2182
27;2183
27;2184
27;2185
27;2186
27;2187
27;2188
27;2189
27;2190
27;2191
27;2192
27;2193
27;2194
27;2195
27;2196
27;2197
27;2198
27;2199
27;2200
27;2201
27;2202
27;2203
27;2204
27;2205
27;2206
27;2207
27;2208
27;2209
27;2210
27;2211
27;2212
27;2213
27;2214
27;2215
27;2216
27;2217
27;2218
27;2219
27;2220
27;2221
27;2222
27;2223
27;2224
27;2225
27;2226
27;2227
27;2228
27;2229
27;2230
27;2231
27;2232
27;2233
27;2234
27;2235
27;2236
27;2237
27;2238
27;2239
27;2240
27;2241
27;2242
27;2243
27;2244
27;2245
27;2246
27;2247
27;2248
27;2249
27;2250
27;2251
27;2252
27;2253
27;2254
27;2255
27;2256
27;2257
27;2258
27;2259
27;2260
27;2261
27;2262
27;2263
27;2264
27;2265
27;2266
27;2267
27;2268
27;2269
27;2270
27;2271
27;2272
27;2273
27;2274
27;2275
27;2276
27;2277
27;2278
27;2279
27;2280
27;2281
27;2282
27;2283
27;2284
27;2285
27;2286
27;2287
27;2288
27;2289
27;2290
27;2291
27;2292
27;2293
27;2294
27;2295
27;2296
27;2297
27;2298
27;2299
27;2300
27;2301
27;2302
27;2303
27;2304
27;2305
27;2306
27;2307
27;2308
27;2309
27;2310
27;2311
27;2312
27;2313
27;2314
27;2315
27;2316
27;2317
27;2318
27;2319
27;2320
27;2321
27;2322
27;2323
27;2324
27;2325
27;2326
27;2327
27;2328
27;2329
27;2330
27;2331
27;2332
27;2333
27;2334
27;2335
27;2336
27;2337
27;2338
27;2339
27;2340
27;2341
27;2342
27;2343
27;2344
27;2345
27;2346
27;2347
27;2348
27;2349
27;2350
27;2351
27;2352
27;2353
27;2354
27;2355
27;2356
27;2357
27;2358
27;2359
27;2360
27;2361
27;2362
27;2363
27;2364
27;2365
27;2366
27;2367
27;2368
27;2369
27;2370
27;2371
27;2372
27;2373
27;2374
27;2375
27;2376
27;2377
27;2378
27;2379
27;2380
27;2381
27;2382
27;2383
27;2384
27;2385
27;2386
27;2387
27;2388
27;2389
27;2390
27;2391
27;2392
27;2393
27;2394
27;2395
27;2396
27;2397
27;2398
27;2399
27;2400
27;2401
27;2402
27;2403
27;2404
27;2405
27;2406
27;2407
27;2408
27;2409
27;2410
27;2411
27;2412
27;2413
27;2414
27;2415
27;2416
27;2417
27;2418
27;2419
27;2420
27;2421
27;2422
27;2423
27;2424
27;2425
27;2426
27;2427
27;2428
27;2429
27;2430
27;2431
27;2432
27;2433
27;2434
27;2435
28;2436
28;2437
28;2438
28;2439
28;2440
28;2441
28;2442
28;2443
28;2444
28;2445
28;2446
28;2447
28;2448
28;2449
28;2450
28;2451
28;2452
28;2453
28;2454
28;2455
28;2456
28;2457
28;2458
28;2459
28;2460
28;2461
28;2462
28;2463
28;2464
28;2465
28;2466
28;2467
28;2468
28;2469
28;2470
28;2471
28;2472
28;2473
28;2474
28;2475
28;2476
28;2477
28;2478
28;2479
28;2480
28;2481
28;2482
28;2483
28;2484
28;2485
28;2486
28;2487
28;2488
28;2489
28;2490
28;2491
28;2492
28;2493
28;2494
28;2495
28;2496
28;2497
28;2498
28;2499
28;2500
28;2501
28;2502
28;2503
28;2504
28;2505
28;2506
28;2507
28;2508
28;2509
28;2510
28;2511
28;2512
28;2513
28;2514
28;2515
28;2516
28;2517
28;2518
28;2519
28;2520
28;2521
28;2522
28;2523
28;2524
28;2525
28;2526
28;2527
28;2528
28;2529
28;2530
28;2531
28;2532
28;2533
28;2534
28;2535
29;2536
29;2537
29;2538
29;2539
29;2540
29;2541
29;2542
29;2543
29;2544
29;2545
29;2546
29;2547
29;2548
29;2549
29;2550
29;2551
29;2552
29;2553
29;2554
29;2555
29;2556
29;2557
29;2558
29;2559
29;2560
29;2561
29;2562
29;2563
29;2564
29;2565
29;2566
29;2567
29;2568
29;2569
29;2570
29;2571
29;2572
29;2573
29;2574
29;2575
29;2576
29;2577
29;2578
29;2579
29;2580
29;2581
29;2582
29;2583
29;2584
29;2585
29;2586
29;2587
29;2588
29;2589
29;2590
29;2591
29;2592
29;2593
29;2594
29;2595
29;2596
29;2597
29;2598
29;2599
29;2600
29;2601
29;2602
29;2603
29;2604
29;2605
29;2606
29;2607
29;2608
29;2609
29;2610
29;2611
29;2612
29;2613
29;2614
29;2615
29;2616
29;2617
29;2618
29;2619
29;2620
29;2621
29;2622
29;2623
29;2624
29;2625
29;2626
29;2627
29;2628
29;2629
29;2630
29;2631
29;2632
29;2633
29;2634
29;2635
30;2636
30;2637
30;2638
30;2639
30;2640
30;2641
30;2642
30;2643
30;2644
30;2645
30;2646
30;2647
30;2648
30;2649
30;2650
30;2651
30;2652
30;2653
30;2654
30;2655
30;2656
30;2657
30;2658
30;2659
30;2660
30;2661
30;2662
30;2663
30;2664
30;2665
30;2666
30;2667
30;2668
30;2669
30;2670
30;2671
30;2672
30;2673
30;2674
30;2675
30;2676
30;2677
30;2678
30;2679
30;2680
30;2681
30;2682
30;2683
30;2684
30;2685
30;2686
30;2687
30;2688
30;2689
30;2690
30;2691
30;2692
30;2693
30;2694
30;2695
30;2696
30;2697
30;2698
30;2699
30;2700
30;2701
30;2702
30;2703
30;2704
30;2705
30;2706
30;2707
30;2708
30;2709
30;2710
30;2711
30;2712
30;2713
30;2714
30;2715
30;2716
30;2717
30;2718
30;2719
30;2720
30;2721
30;2722
30;2723
30;2724
30;2725
30;2726
30;2727
30;2728
30;2729
30;2730
30;2731
30;2732
30;2733
30;2734
30;2735